Sr_No,Product_Name,Quantity,Unit,MRP,Purchase_Rate,Amount,Category,Cost_Price,Actual_Margin_Percent,Actual_Profit_Per_Unit,Total_Actual_Profit,SP_5_Percent,SP_10_Percent,SP_5_Margin_Percent,SP_10_Margin_Percent,Brand,Size,Supplier,Last_Updated,Status,Stock_Quantity,Barcode
1,5 STAR CHOCOLATE 5/-,974,PCS,5.0,4.55,4113.02,Confectionery,4.23,18.2,0.77,748.44,4.96,4.92,17.26,16.31,,,,,,,
2,5 STAR CHOCOLATE 10/-,482,PCS,10.0,9.09,4058.18,Confectionery,8.45,18.34,1.55,744.0,9.92,9.84,17.4,16.45,,,,,,,
3,ALL OUT MACHINE 105/-,62,PCS,105.0,83.0,4980.0,Home Care,83.0,26.51,22.0,1320.0,103.9,102.8,25.18,23.86,,,,,,,8906006435773.0
4,ALL OUT REFIL 85/-,60,PCS,85.0,65.0,3900.0,Home Care,65.0,30.77,20.0,1200.0,80.75,76.5,29.23,27.69,,,,,,,8906006430419.0
5,ALMOND DROP OIL 200ML,30,PCS,150.0,136.36,3599.9,Personal Care,120.0,25.0,30.0,900.0,148.5,147.0,23.75,22.5,,,,,,,8906014765978.0
6,ALMOND DROP OIL 100ML,39,PCS,75.0,68.18,2339.94,Personal Care,60.0,25.0,15.0,585.0,74.25,73.5,23.75,22.5,,,,,,,8906014765961.0
7,ALMOND DROP OIL 300ML,24,PCS,215.0,195.45,4127.9,Personal Care,172.0,25.0,43.0,1032.0,212.85,210.7,23.75,22.5,,,,,,,8906014765985.0
8,ALMOND DROP OIL 50ML,84,PCS,39.0,35.45,2620.46,Personal Care,31.2,25.0,7.8,655.2,38.61,38.22,23.75,22.5,,,,,,,8906014765947.0
9,ALMOND DROP OIL 475ML,10,PCS,340.0,309.09,3263.99,Personal Care,272.0,25.0,68.0,816.0,336.6,333.2,23.75,22.5,,,,,,,8906014765992.0
10,ALMOND POUCH 1/-,3200,PCS,1.0,0.77,2450.0,Personal Care,0.77,29.87,0.23,736.0,0.99,0.98,28.57,27.27,,,,,,,
11,AMUL GHEE 1KG,12,PCS,650.0,565.0,6780.0,Food & Grocery,565.0,15.04,85.0,1020.0,645.75,641.5,14.29,13.54,,,,,,,8901262030700.0
12,ARIEL 1KG,24,PCS,138.0,127.77,2790.5,Home Care,116.27,18.69,21.73,521.52,136.91,135.83,17.75,16.82,,,,,,,
13,ARIEL 500GM,48,PCS,72.0,66.66,2911.71,Home Care,60.66,18.69,11.34,544.32,71.43,70.87,17.75,16.83,,,,,,,
14,ARIEL POWDER 10/-,46,PCS,10.0,10.0,460.0,Home Care,10.0,0.0,0.0,0.0,10.0,10.0,0.0,0.0,,,,,,,
15,AYUR SHAMPOO 500ML,18,PCS,200.0,200.0,2412.0,Personal Care,134.0,49.25,66.0,1188.0,196.7,193.4,46.79,44.33,,,,,,,808042000435.0
16,AYUR SHAMPOO 1KG,6,PCS,350.0,350.0,1407.0,Personal Care,234.5,49.25,115.5,693.0,344.22,338.45,46.79,44.33,,,,,,,8904135205014.0
17,BOURNVITA 30/-,192,PCS,30.0,27.78,4747.05,Health Drinks,24.72,21.36,5.28,1013.76,29.74,29.47,20.31,19.22,,,,,,,
18,BOURNVITA JAR 500GM,15,PCS,285.0,263.89,3602.1,Health Drinks,240.14,18.68,44.86,672.9,282.76,280.51,17.75,16.81,,,,,,,7622202309908.0
19,BOURNVITA REFIL 400GM,40,PCS,199.0,184.26,6707.06,Health Drinks,167.68,18.68,31.32,1252.8,197.43,195.87,17.74,16.81,,,,,,,7622202304798.0
20,BRITANIA 50-50 BISCUIT 10/-,108,PCS,10.0,8.43,910.0,Biscuits,8.43,18.62,1.57,169.56,9.92,9.84,17.67,16.73,,,,,,,8901063016873.0
21,BRITANIA BOURBON BISCUIT 10/-,117,PCS,10.0,10.0,1170.0,Biscuits,10.0,0.0,0.0,0.0,10.0,10.0,0.0,0.0,,,,,,,
22,BRITANIA MARIE GOLD 10/-,96,PCS,10.0,8.49,815.0,Biscuits,8.49,17.79,1.51,144.96,9.92,9.85,16.84,16.02,,,,,,,8901063162914.0
23,BRITANIA TIGER 80G 10/-,108,PCS,10.0,8.43,910.0,Biscuits,8.43,18.62,1.57,169.56,9.92,9.84,17.67,16.73,,,,,,,8901063155534.0
24,BRITANNIA 50-50 5/-,144,PCS,5.0,4.27,615.0,Biscuits,4.27,17.1,0.73,105.12,4.96,4.93,16.16,15.46,,,,,,,
25,BRU COFFEE 2/-,1152,PCS,2.0,1.69,1950.0,Beverages,1.69,18.34,0.31,357.12,1.98,1.97,17.16,16.57,,,,,,,
26,CHERRY LIQUID 135/-,12,PCS,135.0,135.0,1344.6,Home Care,112.05,20.48,22.95,275.4,133.85,132.7,19.46,18.43,,,,,,,8901396055006.0
27,CHERRY POLISH BIG 93/-,9,PCS,93.0,93.0,926.28,Home Care,77.19,20.48,15.81,189.72,92.21,91.42,19.46,18.44,,,,,,,8901396051008.0
28,CINTHOL FRESH 10/-,216,PCS,10.0,9.26,1880.15,Personal Care,8.7,14.94,1.3,280.8,9.93,9.87,14.14,13.45,,,,,,,
29,CINTHOL FRESH SMALL 115/-,50,PCS,115.0,106.48,5111.04,Personal Care,102.22,12.5,12.78,639.0,114.36,113.72,11.88,11.25,,,,,,,
30,CLINIC POUCH 1/-,960,PCS,1.0,0.72,695.0,Personal Care,0.72,38.89,0.28,268.8,0.99,0.97,37.5,34.72,,,,,,,
31,CLINIC POUCH 1/- EGG,960,PCS,1.0,0.72,695.0,Personal Care,0.72,38.89,0.28,268.8,0.99,0.97,37.5,34.72,,,,,,,
32,CLINIC SHAMPOO 100ML,35,PCS,64.0,58.18,1832.67,Personal Care,52.36,22.23,11.64,407.4,63.42,62.84,21.12,20.02,,,,,,,8901030937163.0
33,CLINIC SHAMPOO 200ML,24,PCS,179.0,162.73,3514.97,Personal Care,146.46,22.22,32.54,780.96,177.37,175.75,21.1,20.0,,,,,,,
34,CLINIC SHAMPOO 400ML,15,PCS,393.0,248.0,3720.0,Personal Care,248.0,58.47,145.0,2175.0,385.75,378.5,55.54,52.62,,,,,,,
35,CLOSEUP 10/-,288,PCS,10.0,7.64,2200.0,Personal Care,7.64,30.89,2.36,679.68,9.88,9.76,29.32,27.75,,,,,,,
36,CLOSEUP 100GM 85/-,72,PCS,85.0,77.27,4005.68,Personal Care,55.63,52.8,29.37,2114.64,83.53,82.06,50.15,47.51,,,,,,,8906073148033.0
37,CLOSEUP 150GM 140/-,36,PCS,140.0,127.27,3298.84,Personal Care,91.63,52.79,48.37,1741.32,137.58,135.16,50.15,47.51,,,,,,,
38,CLOSEUP 50GM 20/-,144,PCS,20.0,18.18,2356.13,Personal Care,16.36,22.25,3.64,524.16,19.82,19.64,21.15,20.05,,,,,,,
39,COLGATE BRUSH 20/-,26,PCS,20.0,105.23,2736.0,Personal Care,105.23,-80.99,-85.23,-2215.98,24.26,28.52,-76.95,-72.9,,,,,,,
40,COLGATE MAX FRESH 10/-,220,PCS,10.0,10.0,2200.0,Personal Care,10.0,0.0,0.0,0.0,10.0,10.0,0.0,0.0,,,,,,,8901314786531.0
41,COLGATE PASTE 50GM 20/-,288,PCS,20.0,18.18,4712.26,Personal Care,16.36,22.25,3.64,1048.32,19.82,19.64,21.15,20.05,,,,,,,
42,COLGATE PASTE 100GM 76/-,144,PCS,76.0,69.09,9153.04,Personal Care,63.56,19.57,12.44,1791.36,75.38,74.76,18.6,17.62,,,,,,,8901314765352.0
43,COLGATE PASTE 200GM 149/-,72,PCS,149.0,135.45,9167.26,Personal Care,127.32,17.03,21.68,1560.96,147.92,146.83,16.18,15.32,,,,,,,8901314765314.0
44,COLGATE WHITE 10/-,220,PCS,10.0,10.0,2200.0,Personal Care,10.0,0.0,0.0,0.0,10.0,10.0,0.0,0.0,,,,,,,
45,COLIN BIG 115/-,23,PCS,115.0,104.55,2404.65,Home Care,96.19,19.56,18.81,470.25,114.06,113.12,18.58,17.6,,,,,,,8901396476146.0
46,DABUR AMLA 10/-,480,PCS,10.0,9.09,3316.03,Personal Care,6.91,44.72,3.09,1483.2,9.85,9.69,42.55,40.23,,,,,,,
47,DABUR AMLA OIL 500ML,32,PCS,225.0,204.55,5367.39,Personal Care,167.73,34.14,57.27,1832.64,222.14,219.27,32.44,30.73,,,,,,,8901207050466.0
48,DABUR AMLA OIL 300ML,36,PCS,149.0,135.45,4096.01,Personal Care,113.78,30.95,35.22,1267.92,147.24,145.48,29.41,27.86,,,,,,,8901207047947.0
49,DABUR AMLA OIL 50ML,240,PCS,20.0,18.18,3316.03,Personal Care,13.82,44.72,6.18,1483.2,19.69,19.38,42.47,40.23,,,,,,,89008720.0
50,DABUR AMLA OIL 100ML,84,PCS,55.0,50.0,3528.0,Personal Care,42.0,30.95,13.0,1092.0,54.35,53.7,29.4,27.86,,,,,,,8901207047923.0
51,DABUR RED PASTE 10/-,288,PCS,10.0,9.09,2094.34,Personal Care,7.27,37.55,2.73,786.24,9.86,9.73,35.63,33.84,,,,,,,
52,DABUR RED PASTE 200GM,36,PCS,147.0,133.64,4811.04,Personal Care,133.64,10.0,13.36,480.96,146.33,145.66,9.5,8.99,,,,,,,8901207033377.0
53,DABUR RED PASTE 50GM,288,PCS,20.0,18.18,4607.54,Personal Care,16.0,25.0,4.0,1152.0,19.8,19.6,23.75,22.5,,,,,,,
54,DABUR RED PASTE 100GM,72,PCS,85.0,77.27,4005.68,Personal Care,55.63,52.8,29.37,2114.64,83.53,82.06,50.15,47.51,,,,,,,8901888003713.0
55,DABUR RED PASTE 200GM,36,PCS,153.0,139.09,4456.44,Personal Care,123.79,23.6,29.21,1051.56,151.54,150.08,22.42,21.24,,,,,,,
56,DABUR SARSO OIL 100ML,144,PCS,20.0,18.18,2094.34,Cooking Oil,14.54,37.55,5.46,786.24,19.73,19.45,35.69,33.77,,,,,,,
57,DABUR SARSO OIL 50ML,288,PCS,10.0,9.09,2094.34,Cooking Oil,7.27,37.55,2.73,786.24,9.86,9.73,35.63,33.84,,,,,,,
58,DAIRY MILK 5/-,1728,PCS,5.0,4.5,7304.67,Confectionery,4.23,18.2,0.77,1330.56,4.96,4.92,17.26,16.31,,,,,,,
59,DAIRY MILK 10/-,672,PCS,10.0,9.09,5681.44,Confectionery,8.45,18.34,1.55,1041.6,9.92,9.84,17.4,16.45,,,,,,,
60,DENVER DEO 230/-,36,PCS,230.0,122.0,4392.0,Personal Care,122.0,88.52,108.0,3888.0,224.6,219.2,84.1,79.67,,,,,,,
61,DETTOL LIQUID 50ML,100,PCS,40.24,40.24,3339.92,Healthcare,33.4,20.48,6.84,684.0,39.9,39.56,19.46,18.44,,,,,,,8901396350101.0
62,DETTOL LIQUID 110ML,96,PCS,80.52,80.52,6415.83,Healthcare,66.83,20.48,13.69,1314.24,79.84,79.15,19.47,18.43,,,,,,,8901396350200.0
63,DETTOL POUCH 1L,16,PCS,109.0,99.09,1458.6,Healthcare,91.16,19.57,17.84,285.44,108.11,107.22,18.59,17.62,,,,,,,
64,DETTOL POUCH 140/-,20,PCS,140.0,127.27,2341.77,Healthcare,117.09,19.57,22.91,458.2,138.85,137.71,18.58,17.61,,,,,,,8901396388371.0
65,DETTOL PUMP 129/-,24,PCS,129.0,117.27,2589.32,Healthcare,107.89,19.57,21.11,506.64,127.94,126.89,18.58,17.61,,,,,,,8901396602552.0
66,DETTOL SOAP 195/- ORIGINAL,36,PCS,195.0,180.56,5785.14,Personal Care,160.7,21.34,34.3,1234.8,193.28,191.57,20.27,19.21,,,,,,,
67,DETTOL SOAP 195/- COOL,36,PCS,195.0,180.56,5785.14,Personal Care,160.7,21.34,34.3,1234.8,193.28,191.57,20.27,19.21,,,,,,,
68,DETTOL SOAP BIG 232/- COOL,30,PCS,232.0,214.81,5735.43,Personal Care,191.18,21.35,40.82,1224.6,229.96,227.92,20.28,19.22,,,,,,,
69,DETTOL SOAP BIG 232/- ORIGINAL,30,PCS,232.0,214.81,5735.43,Personal Care,191.18,21.35,40.82,1224.6,229.96,227.92,20.28,19.22,,,,,,,
70,DOVE POUCH 5/-,384,PCS,5.0,2.99,1150.0,Personal Care,2.99,67.22,2.01,771.84,4.9,4.8,63.88,60.54,,,,,,,
71,DOVE POUCH 2/-,640,PCS,2.0,2.0,1280.0,Personal Care,2.0,0.0,0.0,0.0,2.0,2.0,0.0,0.0,,,,,,,
72,DOVE SET 160/-,24,PCS,160.0,148.15,3271.15,Personal Care,136.3,17.39,23.7,568.8,158.82,157.63,16.52,15.65,,,,,,,
73,DOVE SET 249/-,20,PCS,249.0,199.0,3980.0,Personal Care,199.0,25.13,50.0,1000.0,246.5,244.0,23.87,22.61,,,,,,,
74,DOVE SHAMPOO 200ML HF,9,PCS,246.0,223.64,1811.48,Personal Care,201.28,22.22,44.72,402.48,243.76,241.53,21.1,20.0,,,,,,,
75,DOVE SHAMPOO 100ML HR,24,PCS,102.0,92.73,2002.97,Personal Care,83.46,22.21,18.54,444.96,101.07,100.15,21.1,20.0,,,,,,,8909106036048.0
76,DOVE SHAMPOO 400ML HF,15,PCS,490.0,300.0,4500.0,Personal Care,300.0,63.33,190.0,2850.0,480.5,471.0,60.17,57.0,,,,,,,8909106035683.0
77,DOVE SHAMPOO 400ML DS,3,PCS,490.0,300.0,900.0,Personal Care,300.0,63.33,190.0,570.0,480.5,471.0,60.17,57.0,,,,,,,8909106035690.0
78,DOVE SHAMPOO 200ML DS,9,PCS,246.0,223.64,1811.48,Personal Care,201.28,22.22,44.72,402.48,243.76,241.53,21.1,20.0,,,,,,,8909106035751.0
79,DOVE SOAP 25/-,72,PCS,25.0,23.15,1583.46,Personal Care,21.99,13.69,3.01,216.72,24.85,24.7,13.01,12.32,,,,,,,
80,DOVE SOAP 65/-,60,PCS,65.0,60.19,3322.49,Personal Care,55.37,17.39,9.63,577.8,64.52,64.04,16.53,15.66,,,,,,,
81,DURACELL AA 22/-,78,PCS,22.0,19.87,1550.0,Electronics,19.87,10.72,2.13,166.14,21.89,21.79,10.17,9.66,,,,,,,
82,DURACELL AAA 22/-,70,PCS,22.0,22.14,1550.0,Electronics,22.14,-0.63,-0.14,-9.8,22.01,22.01,-0.59,-0.59,,,,,,,
83,ENO POUCH 11/-,490,PCS,11.0,11.02,5400.0,Healthcare,11.02,-0.18,-0.02,-9.8,11.0,11.0,-0.18,-0.18,,,,,,,
84,EVEREADY PENCIL AA 18/-,67,PCS,18.0,17.91,1200.0,Electronics,17.91,0.5,0.09,6.03,18.0,17.99,0.5,0.45,,,,,,,
85,EVEREADY AAA 18/-,66,PCS,18.0,17.88,1180.0,Electronics,17.88,0.67,0.12,7.92,17.99,17.99,0.62,0.62,,,,,,,
86,EXO TUB 500GM,36,PCS,60.0,55.56,1660.13,Home Care,46.11,30.12,13.89,500.04,59.31,58.61,28.63,27.11,,,,,,,
87,EZEE 500GM,24,PCS,120.0,111.11,2506.64,Home Care,104.44,14.9,15.56,373.44,119.22,118.44,14.15,13.4,,,,,,,8901023005817.0
88,FAIR & HANDSOME 40/-,40,PCS,40.0,40.0,1360.0,Personal Care,34.0,17.65,6.0,240.0,39.7,39.4,16.76,15.88,,,,,,,
89,FAIR LOVELY 50GM 130/-,24,PCS,130.0,118.18,2666.14,Personal Care,111.09,17.02,18.91,453.84,129.05,128.11,16.17,15.32,,,,,,,
90,FAIR LOVELY 80GM 199/-,18,PCS,199.0,180.91,3061.0,Personal Care,170.06,17.02,28.94,520.92,197.55,196.11,16.16,15.32,,,,,,,
91,FAIR LOVELY 25GM 70/-,32,PCS,70.0,63.64,1934.66,Personal Care,60.46,15.78,9.54,305.28,69.52,69.05,14.99,14.21,,,,,,,
92,FIAMA SET 449/-,18,PCS,449.0,275.0,4950.0,Personal Care,275.0,63.27,174.0,3132.0,440.3,431.6,60.11,56.95,,,,,,,
93,FIGARO 100ML 189/-,12,PCS,189.0,189.0,1814.4,Personal Care,151.2,25.0,37.8,453.6,187.11,185.22,23.75,22.5,,,,,,,8410125510438.0
94,FIGARO 50ML 109/-,12,PCS,109.0,109.0,1046.4,Personal Care,87.2,25.0,21.8,261.6,107.91,106.82,23.75,22.5,,,,,,,8410125246474.0
95,FOAM 418GM GREEN,6,PCS,275.0,220.0,1320.0,Home Care,220.0,25.0,55.0,330.0,272.25,269.5,23.75,22.5,,,,,,,
96,FOAM 418GM RED,6,PCS,275.0,220.0,1320.0,Home Care,220.0,25.0,55.0,330.0,272.25,269.5,23.75,22.5,,,,,,,
97,GARNIER 1NO DEEP BLACK,60,PCS,45.0,32.5,1950.0,Personal Care,32.5,38.46,12.5,750.0,44.38,43.75,36.55,34.62,,,,,,,8901526209910.0
98,GARNIER 2NO ORIGINAL BLACK,60,PCS,45.0,32.5,1950.0,Personal Care,32.5,38.46,12.5,750.0,44.38,43.75,36.55,34.62,,,,,,,8901526209903.0
99,GARNIER 3.16 BURGUNDY,60,PCS,45.0,32.5,1950.0,Personal Care,32.5,38.46,12.5,750.0,44.38,43.75,36.55,34.62,,,,,,,8901526211715.0
100,GARNIER 3NO BROWN BLACK,30,PCS,45.0,32.5,975.0,Personal Care,32.5,38.46,12.5,375.0,44.38,43.75,36.55,34.62,,,,,,,8901526209897.0
101,GARNIER F.W ACNO 125/-,36,PCS,125.0,125.0,3285.0,Personal Care,91.25,36.99,33.75,1215.0,123.31,121.62,35.13,33.28,,,,,,,8901526209620.0
102,GARNIER F.W DOUBLE ACTION 50ML,36,PCS,139.0,139.0,3652.92,Personal Care,101.47,36.99,37.53,1351.08,137.12,135.25,35.13,33.29,,,,,,,8901526006359.0
103,GILLETE GUARD BLADE 14/-,83,PCS,14.0,13.98,1160.0,Personal Care,13.98,0.14,0.02,1.66,14.0,14.0,0.14,0.14,,,,,,,
104,GILLETTE PRESTO 25/-,55,PCS,25.0,25.09,1380.0,Personal Care,25.09,-0.36,-0.09,-4.95,25.0,25.01,-0.36,-0.32,,,,,,,
105,GODREJ COLOUR 37/- BLACK,120,PCS,35.0,29.5,3540.0,Personal Care,29.5,18.64,5.5,660.0,34.72,34.45,17.69,16.78,,,,,,,
106,GODREJ COLOUR 37/- N/BROWN,60,PCS,37.0,29.5,1770.0,Personal Care,29.5,25.42,7.5,450.0,36.62,36.25,24.14,22.88,,,,,,,
107,GODREJ COLOUR 37/- D/BROWN,30,PCS,37.0,29.5,885.0,Personal Care,29.5,25.42,7.5,225.0,36.62,36.25,24.14,22.88,,,,,,,
108,GODREJ COLOUR 37/- BURGUNDY,30,PCS,37.0,29.5,885.0,Personal Care,29.5,25.42,7.5,225.0,36.62,36.25,24.14,22.88,,,,,,,
109,GODREJ NO1 SMALL JASMIN,44,PCS,40.0,40.0,1760.0,Personal Care,40.0,0.0,0.0,0.0,40.0,40.0,0.0,0.0,,,,,,,
110,GODREJ NO1 SMALL LEMON,44,PCS,40.0,40.0,1760.0,Personal Care,40.0,0.0,0.0,0.0,40.0,40.0,0.0,0.0,,,,,,,
111,GODREJ NO1 SMALL SANDAL,44,PCS,40.0,40.0,1760.0,Personal Care,40.0,0.0,0.0,0.0,40.0,40.0,0.0,0.0,,,,,,,
112,GODREJ NO1 BIG LEMON,30,PCS,145.0,142.67,4280.0,Personal Care,142.67,1.63,2.33,69.9,144.88,144.77,1.55,1.47,,,,,,,
113,GODREJ NO1 BIG SANDAL,30,PCS,145.0,142.67,4280.0,Personal Care,142.67,1.63,2.33,69.9,144.88,144.77,1.55,1.47,,,,,,,
114,GODREJ NO1 BIG JASMINE,30,PCS,145.0,142.67,4280.0,Personal Care,142.67,1.63,2.33,69.9,144.88,144.77,1.55,1.47,,,,,,,
115,GOOD KNIGHT REFIL 75/-,60,PCS,75.0,64.0,3840.0,Home Care,64.0,17.19,11.0,660.0,74.45,73.9,16.33,15.47,,,,,,,8901023026508.0
116,GOOD KNIGHT MACHINE 95/-,60,PCS,95.0,81.0,4860.0,Home Care,81.0,17.28,14.0,840.0,94.3,93.6,16.42,15.56,,,,,,,8901023019715.0
117,H&S 200ML 215/-,28,PCS,215.0,150.0,4200.0,Personal Care,150.0,43.33,65.0,1820.0,211.75,208.5,41.17,39.0,,,,,,,4987176073037.0
118,H&S POUCH 2/- PINK,480,PCS,2.0,2.6,1250.0,Personal Care,2.6,-23.08,-0.6,-288.0,2.03,2.06,-21.92,-20.77,,,,,,,
119,H&S POUCH 2/- ORANGE,480,PCS,2.0,2.6,1250.0,Personal Care,2.6,-23.08,-0.6,-288.0,2.03,2.06,-21.92,-20.77,,,,,,,
120,H&S POUCH 4/-,513,PCS,4.0,4.0,2050.0,Personal Care,4.0,0.0,0.0,0.0,4.0,4.0,0.0,0.0,,,,,,,
121,HAIR CARE 200ML 125/-,24,PCS,125.0,125.0,2580.0,Personal Care,107.5,16.28,17.5,420.0,124.12,123.25,15.46,14.65,,,,,,,8901088193818.0
122,HAIR CARE 100ML 66/-,36,PCS,66.0,66.0,2043.36,Personal Care,56.76,16.28,9.24,332.64,65.54,65.08,15.47,14.66,,,,,,,8901088193870.0
123,HAJMOLA JAR 170/-,12,PCS,170.0,175.0,2100.0,Health Products,175.0,-2.86,-5.0,-60.0,170.25,170.5,-2.71,-2.57,,,,,,,
124,HARPIC 1LI 235/-,16,PCS,235.0,213.64,3076.42,Home Care,192.28,22.22,42.72,683.52,232.86,230.73,21.1,20.0,,,,,,,8901396173502.0
125,HARPIC BIG 500ML 110/-,24,PCS,110.0,100.0,2160.0,Home Care,90.0,22.22,20.0,480.0,109.0,108.0,21.11,20.0,,,,,,,8901396151005.0
126,HARPIC RED 500ML 115/-,24,PCS,115.0,104.55,2283.37,Home Care,95.14,20.87,19.86,476.64,114.01,113.01,19.83,18.78,,,,,,,8901396153306.0
127,HARPIC RED 1LI 210/-,12,PCS,210.0,190.91,2061.83,Home Care,171.82,22.22,38.18,458.16,208.09,206.18,21.11,20.0,,,,,,,8901396152606.0
128,HARPIC SMALL 200ML 46/-,48,PCS,46.0,41.82,1806.62,Home Care,37.64,22.21,8.36,401.28,45.58,45.16,21.09,19.98,,,,,,,8901396152002.0
129,HIMALAYA F.W 100ML 179/-,6,PCS,179.0,179.0,751.8,Personal Care,125.3,42.86,53.7,322.2,176.32,173.63,40.72,38.57,,,,,,,
130,HIMALAYA F W 50ML 90/-,48,PCS,90.0,90.0,3024.0,Personal Care,63.0,42.86,27.0,1296.0,88.65,87.3,40.71,38.57,,,,,,,
131,HIMGANGE 100ML 85/-,15,PCS,85.0,85.0,1020.0,Personal Care,68.0,25.0,17.0,255.0,84.15,83.3,23.75,22.5,,,,,,,
132,HIT BLACK SMALL 115/-,36,PCS,115.0,104.55,3613.25,Home Care,100.37,14.58,14.63,526.68,114.27,113.54,13.85,13.12,,,,,,,8901157025033.0
133,HIT BLACK BIG 180/-,18,PCS,180.0,163.64,2827.7,Home Care,157.09,14.58,22.91,412.38,178.85,177.71,13.85,13.13,,,,,,,
134,HIT RED BIG 189/-,18,PCS,189.0,171.82,2969.05,Home Care,164.95,14.58,24.05,432.9,187.8,186.6,13.85,13.13,,,,,,,8901157025200.0
135,HIT RED SMALL 99/-,30,PCS,99.0,90.0,2592.0,Home Care,86.4,14.58,12.6,378.0,98.37,97.74,13.85,13.12,,,,,,,8901157025071.0
136,HORLICKS CHOCO JAR 500GM,12,PCS,259.0,239.81,2302.18,Health Drinks,191.85,35.0,67.15,805.8,255.64,252.28,33.25,31.5,,,,,,,8901030985973.0
137,HORLICKS CHOCO JAR 1KG,9,PCS,480.0,444.44,2719.97,Health Drinks,302.22,58.82,177.78,1600.02,471.11,462.22,55.88,52.94,,,,,,,8901030986000.0
138,HORLICKS PLANE JAR 1KG,9,PCS,574.0,531.48,4400.65,Health Drinks,488.96,17.39,85.04,765.36,569.75,565.5,16.52,15.65,,,,,,,8901030976063.0
139,HORLICKS PLANE JAR 500GM,24,PCS,294.0,272.22,6075.95,Health Drinks,253.16,16.13,40.84,980.16,291.96,289.92,15.33,14.52,,,,,,,8909106043121.0
140,KNOOR SOUP 10/- TOMATO,336,PCS,10.0,7.89,2650.0,Food & Grocery,7.89,26.74,2.11,708.96,9.89,9.79,25.35,24.08,,,,,,,
141,KEO KARPIN 200ML 100/-,40,PCS,100.0,90.0,3348.0,Personal Care,83.7,19.47,16.3,652.0,99.18,98.37,18.49,17.53,,,,,,,8906014201308.0
142,KEO KARPIN 50ML 25/-,120,PCS,25.0,22.5,2538.0,Personal Care,21.15,18.2,3.85,462.0,24.81,24.62,17.3,16.41,,,,,,,
143,KEO KARPIN 300ML 150/-,30,PCS,150.0,135.0,3807.0,Personal Care,126.9,18.2,23.1,693.0,148.84,147.69,17.29,16.38,,,,,,,8906014201407.0
144,KISSAN JAM 500GM 200/-,24,PCS,200.0,183.49,4051.46,Food & Grocery,168.81,18.48,31.19,748.56,198.44,196.88,17.55,16.63,,,,,,,8901030831706.0
145,KISSAN JAM 200GM 90/-,30,PCS,90.0,82.57,2378.02,Food & Grocery,79.27,13.54,10.73,321.9,89.46,88.93,12.85,12.19,,,,,,,8901030831690.0
146,KISSAN KETCHUP 1KG 170/-,10,PCS,170.0,175.0,1750.0,Food & Grocery,175.0,-2.86,-5.0,-50.0,170.25,170.5,-2.71,-2.57,,,,,,,8901030699085.0
147,KISSAN POUCH 50/-,24,PCS,50.0,43.0,1032.0,Food & Grocery,43.0,16.28,7.0,168.0,49.65,49.3,15.47,14.65,,,,,,,8901030921797.0
148,KISSAN POUCH 1KG 100/-,12,PCS,100.0,82.0,984.0,Food & Grocery,82.0,21.95,18.0,216.0,99.1,98.2,20.85,19.76,,,,,,,8901030902932.0
149,KIT KAT 20/-,720,PCS,20.0,9.33,6720.0,Confectionery,9.33,114.36,10.67,7682.4,19.47,18.93,108.68,102.89,,,,,,,
150,LAXMANREKHA 20/-,38,PCS,20.0,20.0,760.0,Healthcare,20.0,0.0,0.0,0.0,20.0,20.0,0.0,0.0,,,,,,,
151,LIFEBOUY 10/-,184,PCS,10.0,10.0,1840.0,Personal Care,10.0,0.0,0.0,0.0,10.0,10.0,0.0,0.0,,,,,,,
152,LIFEBOUY 500GM 180/-,30,PCS,180.0,166.67,4600.09,Personal Care,153.34,17.39,26.66,799.8,178.67,177.33,16.52,15.64,,,,,,,
153,LIPTON GREEN TEA 190/-,12,PCS,190.0,140.0,1680.0,Beverages,140.0,35.71,50.0,600.0,187.5,185.0,33.93,32.14,,,,,,,
154,LIZOL 1L FLORAL 246/-,16,PCS,246.0,223.64,3220.42,Home Care,201.28,22.22,44.72,715.52,243.76,241.53,21.1,20.0,,,,,,,
155,LIZOL 500ML CITRUS 123/-,12,PCS,123.0,111.82,1234.49,Home Care,102.87,19.57,20.13,241.56,121.99,120.99,18.59,17.61,,,,,,,
156,LIZOL 500ML FLORAL 123/-,12,PCS,123.0,111.82,1234.49,Home Care,102.87,19.57,20.13,241.56,121.99,120.99,18.59,17.61,,,,,,,
157,LIZZAT PAPAD MASALA 89/-,21,PCS,89.0,90.48,1900.0,Food & Grocery,90.48,-1.64,-1.48,-31.08,89.07,89.15,-1.56,-1.47,,,,,,,
158,LOTTE CHOCOPIE 180/-,9,PCS,180.0,177.78,1600.0,Confectionery,177.78,1.25,2.22,19.98,179.89,179.78,1.19,1.12,,,,,,,
159,LUX SET 500GM PINK 170/-,30,PCS,170.0,157.41,4344.52,Personal Care,144.82,17.39,25.18,755.4,168.74,167.48,16.52,15.65,,,,,,,
160,LUX SET 500GM WHITE 170/-,30,PCS,170.0,157.41,4344.52,Personal Care,144.82,17.39,25.18,755.4,168.74,167.48,16.52,15.65,,,,,,,
161,LUX SOAP SET 10/- PINK,184,PCS,10.0,10.0,1840.0,Personal Care,10.0,0.0,0.0,0.0,10.0,10.0,0.0,0.0,,,,,,,
162,LUX SOAP SET 10/- WHITE,184,PCS,10.0,10.0,1840.0,Personal Care,10.0,0.0,0.0,0.0,10.0,10.0,0.0,0.0,,,,,,,
163,MADHU SUDAN JAR 450ML,15,PCS,345.0,540.0,8100.0,Food & Grocery,540.0,-36.11,-195.0,-2925.0,354.75,364.5,-34.31,-32.5,,,,,,,8906017815069.0
164,MADHU SUDAN JAR 900ML,15,PCS,680.0,535.0,8025.0,Food & Grocery,535.0,27.1,145.0,2175.0,672.75,665.5,25.75,24.39,,,,,,,8906017815052.0
165,MAGGI 60/- 24P,50,PCS,57.0,24.0,1200.0,Food & Grocery,24.0,137.5,33.0,1650.0,55.35,53.7,130.62,123.75,,,,,,,
166,MAGGI 90/- 16P,17,PCS,84.0,70.0,1190.0,Food & Grocery,70.0,20.0,14.0,238.0,83.3,82.6,19.0,18.0,,,,,,,8901058010749.0
167,MAGGI MASALA 5/-,480,PCS,5.0,5.0,2500.0,Food & Grocery,5.0,0.0,0.0,0.0,5.0,5.0,0.0,0.0,,,,,,,
168,MILK FOOD 900ML 580/-,18,PCS,580.0,485.0,8730.0,Food & Grocery,485.0,19.59,95.0,1710.0,575.25,570.5,18.61,17.63,,,,,,,
169,MOMS MAGIC BISCUIT 10/-,65,PCS,10.0,10.0,650.0,Biscuits,10.0,0.0,0.0,0.0,10.0,10.0,0.0,0.0,,,,,,,
170,MORTEIN RED COIL 36/-,40,PCS,36.0,36.25,1450.0,Home Care,36.25,-0.69,-0.25,-10.0,36.01,36.02,-0.66,-0.63,,,,,,,
171,MOTHER DAIRY 500GM 345/-,15,PCS,345.0,570.0,8550.0,Food & Grocery,570.0,-39.47,-225.0,-3375.0,356.25,367.5,-37.5,-35.53,,,,,,,8901648003014.0
172,MOTHER DAIRY 1LI 675/-,15,PCS,675.0,560.0,8400.0,Food & Grocery,560.0,20.54,115.0,1725.0,669.25,663.5,19.51,18.48,,,,,,,8901648094746.0
173,MUNCH 5/-,863,PCS,5.0,4.13,3564.0,Confectionery,4.12,21.36,0.88,760.32,4.96,4.91,20.39,19.17,,,,,,,
174,NAVRATNA OIL 100ML 90/-,12,PCS,90.0,90.0,918.0,Personal Care,76.5,17.65,13.5,162.0,89.32,88.65,16.76,15.88,,,,,,,8901248104791.0
175,NAVRATNA OIL 45ML 47/-,24,PCS,47.0,47.0,958.8,Personal Care,39.95,17.65,7.05,169.2,46.65,46.3,16.77,15.89,,,,,,,8901248104784.0
176,NAVRATNA OIL 200ML 155/-,12,PCS,155.0,155.0,1581.0,Personal Care,131.75,17.65,23.25,279.0,153.84,152.68,16.77,15.89,,,,,,,8901248104807.0
177,NAVRATNA OIL 300ML 240/-,6,PCS,240.0,240.0,1224.0,Personal Care,204.0,17.65,36.0,216.0,238.2,236.4,16.76,15.88,,,,,,,8901248104135.0
178,NAVRATNA OIL 500ML 380/-,6,PCS,380.0,380.0,1938.0,Personal Care,323.0,17.65,57.0,342.0,377.15,374.3,16.76,15.88,,,,,,,8901248104067.0
179,NESCAFE COFFEE 2/-,1382,PCS,2.0,2.18,3012.11,Beverages,2.18,-8.26,-0.18,-248.76,2.01,2.02,-7.8,-7.34,,,,,,,
180,NESCAFE COFFEE 10/-,188,PCS,10.0,10.01,1882.57,Beverages,10.01,-0.1,-0.01,-1.88,10.0,10.0,-0.1,-0.1,,,,,,,
181,OREO CHOCOLATE BISCUIT 10/-,100,PCS,10.0,10.0,1000.0,Biscuits,10.0,0.0,0.0,0.0,10.0,10.0,0.0,0.0,,,,,,,7622202225550.0
182,OREO VANILLA BISCUIT 10/-,100,PCS,10.0,10.0,1000.0,Biscuits,10.0,0.0,0.0,0.0,10.0,10.0,0.0,0.0,,,,,,,7622202225512.0
183,PAMPERS L2 192PCS 30/-,192,PCS,30.0,30.0,4032.0,Baby Care,21.0,42.86,9.0,1728.0,29.55,29.1,40.71,38.57,,,,,,,
184,PAMPERS M2 192PCS 25/-,192,PCS,25.0,25.0,3360.0,Baby Care,17.5,42.86,7.5,1440.0,24.62,24.25,40.69,38.57,,,,,,,
185,PAMPERS XL2 36/-,192,PCS,36.0,36.0,4838.4,Baby Care,25.2,42.86,10.8,2073.6,35.46,34.92,40.71,38.57,,,,,,,
186,PAMPERS S1 10/-,324,PCS,10.0,10.0,2268.0,Baby Care,7.0,42.86,3.0,972.0,9.85,9.7,40.71,38.57,,,,,,,
187,PARACHUTE JASMINE 300ML,24,PCS,150.0,150.0,2808.0,Personal Care,117.0,28.21,33.0,792.0,148.35,146.7,26.79,25.38,,,,,,,8901088045681.0
188,PARACHUTE BOTTLE 500ML,8,PCS,270.0,270.0,1857.6,Personal Care,232.2,16.28,37.8,302.4,268.11,266.22,15.47,14.65,,,,,,,8901088000451.0
189,PARACHUTE JASMINE 200ML,24,PCS,97.0,97.0,2002.08,Personal Care,83.42,16.28,13.58,325.92,96.32,95.64,15.46,14.65,,,,,,,8901088045674.0
190,PARACHUTE JASMINE 100ML,36,PCS,48.0,48.0,1486.08,Personal Care,41.28,16.28,6.72,241.92,47.66,47.33,15.46,14.66,,,,,,,8901088076104.0
191,PARACHUTE JASMINE 400+100ML,12,PCS,235.0,235.0,2199.6,Personal Care,183.3,28.21,51.7,620.4,232.42,229.83,26.8,25.38,,,,,,,8901088155922.0
192,PARACHUTE JAR 200ML,90,PCS,115.0,115.0,8797.5,Personal Care,97.75,17.65,17.25,1552.5,114.14,113.28,16.77,15.89,,,,,,,8901088137034.0
193,PARACHUTE JAR 600ML,20,PCS,316.0,316.0,5435.2,Personal Care,271.76,16.28,44.24,884.8,313.79,311.58,15.47,14.65,,,,,,,8901088026277.0
194,PARLE BOURBON 10/-,98,PCS,10.0,10.0,980.0,Biscuits,10.0,0.0,0.0,0.0,10.0,10.0,0.0,0.0,,,,,,,8901719123429.0
195,PARLE HAPPY HAPPY 10/-,78,PCS,10.0,10.0,780.0,Biscuits,10.0,0.0,0.0,0.0,10.0,10.0,0.0,0.0,,,,,,,8901719130014.0
196,PARLE HIDE & SEEK 30/-,56,PCS,30.0,30.0,1680.0,Biscuits,30.0,0.0,0.0,0.0,30.0,30.0,0.0,0.0,,,,,,,8901719105913.0
197,PARLE HIDE & SEEK 10/-,129,PCS,10.0,10.0,1300.0,Biscuits,10.0,0.0,0.0,0.0,10.0,10.0,0.0,0.0,,,,,,,8901063139329.0
198,PARLE KRACKJACK 10/-,102,PCS,10.0,10.0,1020.0,Biscuits,10.0,0.0,0.0,0.0,10.0,10.0,0.0,0.0,,,,,,,8901719135255.0
199,PARLE MONACO 10/-,102,PCS,10.0,10.0,1020.0,Biscuits,10.0,0.0,0.0,0.0,10.0,10.0,0.0,0.0,,,,,,,8901719135118.0
200,PATANJALI DISHBAR 10/-,51,PCS,10.0,10.0,510.0,Home Care,10.0,0.0,0.0,0.0,10.0,10.0,0.0,0.0,,,,,,,
201,PATANJALI ALOEVERA GEL 100/-,12,PCS,100.0,100.0,936.0,Personal Care,78.0,28.21,22.0,264.0,98.9,97.8,26.79,25.38,,,,,,,8904109400643.0
202,PATANJALI SOAP ALOEVERA 115/-,24,PCS,115.0,115.0,2125.2,Personal Care,88.55,29.87,26.45,634.8,113.68,112.35,28.38,26.88,,,,,,,
203,PATANJALI PASTE 100GM 63/-,60,PCS,63.0,63.0,3137.4,Personal Care,52.29,20.48,10.71,642.6,62.46,61.93,19.45,18.44,,,,,,,8904422708730.0
204,PATANJALI PASTE 200GM 120/-,36,PCS,120.0,120.0,3585.6,Personal Care,99.6,20.48,20.4,734.4,118.98,117.96,19.46,18.43,,,,,,,8904422711105.0
205,PEARS 58/- YELLOW,108,PCS,58.0,53.7,5219.64,Personal Care,48.33,20.01,9.67,1044.36,57.52,57.03,19.02,18.0,,,,,,,
206,PEARS SET 175/-,14,PCS,175.0,162.04,2087.08,Personal Care,149.08,17.39,25.92,362.88,173.7,172.41,16.51,15.65,,,,,,,
207,PEPSODENT 200GM 125/-,12,PCS,125.0,113.64,995.49,Personal Care,82.96,50.68,42.04,504.48,122.9,120.8,48.14,45.61,,,,,,,8906073140327.0
208,PEPSODENT 100GM 90/-,36,PCS,90.0,81.82,2150.23,Personal Care,59.73,50.68,30.27,1089.72,88.49,86.97,48.15,45.61,,,,,,,8906073141577.0
209,PONDS F W 50GM 98/- WHITE,18,PCS,98.0,98.0,1234.8,Personal Care,68.6,42.86,29.4,529.2,96.53,95.06,40.71,38.57,,,,,,,8901030989827.0
210,QUACKER OATS 500G 86/-,24,PCS,86.0,65.0,1560.0,Health Products,65.0,32.31,21.0,504.0,84.95,83.9,30.69,29.08,,,,,,,8901491103794.0
211,QUACKER OATS 1KG 210/-,12,PCS,210.0,156.0,1872.0,Health Products,156.0,34.62,54.0,648.0,207.3,204.6,32.88,31.15,,,,,,,8901491103800.0
212,RED LABEL 1KG 560/-,6,PCS,560.0,380.0,2280.0,Beverages,380.0,47.37,180.0,1080.0,551.0,542.0,45.0,42.63,,,,,,,
213,RED LABEL NATURAL CARE 250GM,12,PCS,160.0,149.53,1668.75,Beverages,139.06,15.06,20.94,251.28,158.95,157.91,14.3,13.56,,,,,,,
214,RED LABEL 250GM 135/-,24,PCS,135.0,126.17,2816.11,Beverages,117.34,15.05,17.66,423.84,134.12,133.23,14.3,13.54,,,,,,,
215,RIN ADVANCE 10/-,72,PCS,10.0,9.93,715.0,Home Care,9.93,0.7,0.07,5.04,10.0,9.99,0.7,0.6,,,,,,,
216,RIN ADVANCE SET 100/-,12,PCS,100.0,92.59,1033.3,Home Care,86.11,16.13,13.89,166.68,99.31,98.61,15.33,14.52,,,,,,,
217,RIN ALLA 500GM 89/-,24,PCS,89.0,82.41,1661.39,Home Care,69.22,28.58,19.78,474.72,88.01,87.02,27.15,25.72,,,,,,,8901030761195.0
218,RIN EXCEL 250GM 38/-,60,PCS,38.0,35.19,1984.72,Home Care,33.08,14.87,4.92,295.2,37.75,37.51,14.12,13.39,,,,,,,
219,RIN EXCEL 125GM 10/-,122,PCS,10.0,10.0,1220.0,Home Care,10.0,0.0,0.0,0.0,10.0,10.0,0.0,0.0,,,,,,,
220,RIN EXCEL 800GM 128/-,20,PCS,128.0,118.52,2180.77,Home Care,109.04,17.39,18.96,379.2,127.05,126.1,16.52,15.65,,,,,,,
221,RIN POWDER 1KG 100/-,25,PCS,100.0,92.59,2106.42,Home Care,84.26,18.68,15.74,393.5,99.21,98.43,17.74,16.82,,,,,,,
222,SAFFOLA GOLD 5LI+1L 1122/-,4,PCS,1122.0,970.0,3880.0,Cooking Oil,970.0,15.67,152.0,608.0,1114.4,1106.8,14.89,14.1,,,,,,,
223,SANTOOR H/W 750ML 99/-,12,PCS,99.0,74.0,888.0,Personal Care,74.0,33.78,25.0,300.0,97.75,96.5,32.09,30.41,,,,,,,
224,SANTOOR SET 165/-,18,PCS,165.0,146.0,2628.0,Personal Care,146.0,13.01,19.0,342.0,164.05,163.1,12.36,11.71,,,,,,,
225,SENSODYNE FRESH 140/- BLUE,12,PCS,140.0,120.0,1440.0,Personal Care,120.0,16.67,20.0,240.0,139.0,138.0,15.83,15.0,,,,,,,8901571004614.0
226,SENSODYNE MINT 140/- GREEN,12,PCS,140.0,120.0,1440.0,Personal Care,120.0,16.67,20.0,240.0,139.0,138.0,15.83,15.0,,,,,,,8901571004096.0
227,SHANTI AMLA 140ML 47/-,24,PCS,47.0,47.0,846.0,Personal Care,35.25,33.33,11.75,282.0,46.41,45.82,31.66,29.99,,,,,,,8901088116268.0
228,STAYFREE 42/-,84,PCS,42.0,32.76,2751.84,Personal Care,32.76,28.21,9.24,776.16,41.54,41.08,26.8,25.4,,,,,,,
229,SUNSILK 200ML 191/- BLACK,12,PCS,191.0,173.64,1875.31,Personal Care,156.28,22.22,34.72,416.64,189.26,187.53,21.1,20.0,,,,,,,8901030832550.0
230,SUNSILK 400ML 359/- BLACK,6,PCS,359.0,245.0,1470.0,Personal Care,245.0,46.53,114.0,684.0,353.3,347.6,44.2,41.88,,,,,,,8901030832413.0
231,SUNSILK POUCH PINK 1/-,695,PCS,1.0,1.0,695.0,Personal Care,1.0,0.0,0.0,0.0,1.0,1.0,0.0,0.0,,,,,,,
232,SUNSILK POUCH BLACK 1/-,695,PCS,1.0,1.0,695.0,Personal Care,1.0,0.0,0.0,0.0,1.0,1.0,0.0,0.0,,,,,,,
233,SURF EXCEL POWDER 10/-,100,PCS,10.0,10.0,1000.0,Home Care,10.0,0.0,0.0,0.0,10.0,10.0,0.0,0.0,,,,,,,
234,SURF EXCEL QUICK WASH 1KG,16,PCS,230.0,212.96,3202.92,Home Care,200.18,14.9,29.82,477.12,228.51,227.02,14.15,13.41,,,,,,,
235,SURF EXCEL QUICK WASH 500GM,32,PCS,115.0,106.48,3202.92,Home Care,100.09,14.9,14.91,477.12,114.25,113.51,14.15,13.41,,,,,,,
236,SURF XL BLUE 500GM 68/-,24,PCS,68.0,62.39,1377.57,Home Care,57.4,18.47,10.6,254.4,67.47,66.94,17.54,16.62,,,,,,,
237,SURF XL BLUE 1KG 136/-,12,PCS,136.0,124.77,1377.46,Home Care,114.79,18.48,21.21,254.52,134.94,133.88,17.55,16.63,,,,,,,
238,TAJ MAHAL 500GM 360/-,8,PCS,360.0,336.45,2476.27,Beverages,309.53,16.31,50.47,403.76,357.48,354.95,15.49,14.67,,,,,,,
239,TAJ MAHAL 250GM 180/-,12,PCS,180.0,168.23,1897.63,Beverages,158.14,13.82,21.86,262.32,178.91,177.81,13.13,12.44,,,,,,,
240,TATA TEA 100GM 50/-,120,PCS,50.0,39.0,4680.0,Beverages,39.0,28.21,11.0,1320.0,49.45,48.9,26.79,25.38,,,,,,,
241,TATA TEA 1KG 580/-,12,PCS,580.0,360.0,4320.0,Beverages,360.0,61.11,220.0,2640.0,569.0,558.0,58.06,55.0,,,,,,,
242,TATA TEA 250GM 140/-,96,PCS,140.0,470.0,11280.0,Beverages,117.5,-70.21,-330.0,-7920.0,156.5,173.0,-66.7,-63.19,,,,,,,
243,TATA TEA 50GM 20/-,140,PCS,20.0,20.0,2800.0,Beverages,20.0,0.0,0.0,0.0,20.0,20.0,0.0,0.0,,,,,,,
244,TATA TEA 500GM 280/-,48,PCS,280.0,395.0,9480.0,Beverages,197.5,-29.11,-115.0,-2760.0,285.75,291.5,-27.66,-26.2,,,,,,,
245,TATA TEA AGNI 250GM 60/-,96,PCS,60.0,200.0,4800.0,Beverages,50.0,-70.0,-140.0,-3360.0,67.0,74.0,-66.5,-63.0,,,,,,,
246,TATA TEA ELAICHI 10/-,420,PCS,10.0,7.1,2982.0,Beverages,7.1,40.85,2.9,1218.0,9.86,9.71,38.87,36.76,,,,,,,
247,TATA TEA ELAICHI 250GM 95/-,48,PCS,95.0,312.0,3744.0,Beverages,78.0,-69.55,-217.0,-2604.0,105.85,116.7,-66.07,-62.6,,,,,,,
248,TATA TEA GOLD 250GM 180/-,40,PCS,180.0,550.0,5500.0,Beverages,137.5,-67.27,-370.0,-3700.0,198.5,217.0,-63.91,-60.55,,,,,,,
249,TIDE DETERGENT 4+1KG 659/-,5,PCS,659.0,420.0,2100.0,Home Care,420.0,56.9,239.0,1195.0,647.05,635.1,54.06,51.21,,,,,,,
250,TIDE DETERGENT 500GM 65/-,48,PCS,65.0,60.19,2542.43,Home Care,52.97,22.71,12.03,577.44,64.4,63.8,21.58,20.45,,,,,,,
251,TIDE DETERGENT 1KG 130/-,24,PCS,130.0,120.37,2542.21,Home Care,105.93,22.72,24.07,577.68,128.8,127.59,21.59,20.45,,,,,,,
252,TRESEME POUCH 2/- RED,600,PCS,2.0,2.0,1200.0,Personal Care,2.0,0.0,0.0,0.0,2.0,2.0,0.0,0.0,,,,,,,
253,TRESEME POUCH 5/-,130,PCS,5.0,5.0,650.0,Personal Care,5.0,0.0,0.0,0.0,5.0,5.0,0.0,0.0,,,,,,,
254,VATIKA POUCH 1/-,670,PCS,1.0,1.0,670.0,Personal Care,1.0,0.0,0.0,0.0,1.0,1.0,0.0,0.0,,,,,,,
255,VEET SMALL 109/-,12,PCS,109.0,93.0,1116.0,Personal Care,93.0,17.2,16.0,192.0,108.2,107.4,16.34,15.48,,,,,,,
256,VICKS JAR 2/-,444,PCS,2.0,2.0,888.0,Healthcare,2.0,0.0,0.0,0.0,2.0,2.0,0.0,0.0,,,,,,,
257,VIM BAR 400GM 30/-,50,PCS,30.0,27.78,1319.55,Home Care,26.39,13.68,3.61,180.5,29.82,29.64,13.0,12.32,,,,,,,
258,VIM BAR SET 30/-,21,PCS,30.0,29.29,615.0,Home Care,29.29,2.42,0.71,14.91,29.96,29.93,2.29,2.19,,,,,,,
259,VIM BAR SET 86/-,16,PCS,86.0,79.63,1172.15,Home Care,73.26,17.39,12.74,203.84,85.36,84.73,16.52,15.66,,,,,,,
260,VIM BAR TUB 60/-,24,PCS,60.0,55.56,1186.76,Home Care,49.45,21.33,10.55,253.2,59.47,58.95,20.26,19.21,,,,,,,
261,VIM LIQUID POUCH 20/- YELLOW,36,PCS,20.0,18.52,620.05,Home Care,17.22,16.14,2.78,100.08,19.86,19.72,15.33,14.52,,,,,,,8909106017931.0
262,VIM LIQUID 250ML 58/-,40,PCS,58.0,53.7,1933.2,Home Care,48.33,20.01,9.67,386.8,57.52,57.03,19.02,18.0,,,,,,,8909106017993.0
263,VIM LIQUID 750ML 205/-,12,PCS,205.0,145.0,1740.0,Home Care,145.0,41.38,60.0,720.0,202.0,199.0,39.31,37.24,,,,,,,
264,VIM LIQUID 500ML 130/-,12,PCS,130.0,120.37,1300.0,Home Care,108.33,20.0,21.67,260.04,128.92,127.83,19.01,18.0,,,,,,,8909106018006.0
265,VIVEL SET 120/-,45,PCS,120.0,120.0,4266.0,Personal Care,94.8,26.58,25.2,1134.0,118.74,117.48,25.25,23.92,,,,,,,
266,WHEEL 1KG 75/- BLUE,25,PCS,75.0,69.44,1649.2,Home Care,65.97,13.69,9.03,225.75,74.55,74.1,13.01,12.32,,,,,,,
267,WHISPER 50/-,112,PCS,50.0,50.0,4200.0,Personal Care,37.5,33.33,12.5,1400.0,49.38,48.75,31.68,30.0,,,,,,,
268,WILKINSON BLADE 15/-,20,PCS,15.0,188.0,3760.0,Personal Care,188.0,-92.02,-173.0,-3460.0,23.65,32.3,-87.42,-82.82,,,,,,,
269,XL FRONT LOAD LIQUID 1LI,12,PCS,169.0,169.0,1602.12,Home Care,133.51,26.58,35.49,425.88,167.23,165.45,25.26,23.92,,,,,,,
270,XL TOP LOAD POUCH 1LI,12,PCS,149.0,149.0,1412.52,Home Care,117.71,26.58,31.29,375.48,147.44,145.87,25.26,23.92,,,,,,,
271,YIPPEE 15/-,77,PCS,15.0,14.94,1150.0,Food & Grocery,14.94,0.4,0.06,4.62,15.0,14.99,0.4,0.33,,,,,,,8909081006012.0
272,MTC MUSTARD OIL1LITR,24,,199.0,,,,156.3,27.31925784,,,189.05,179.1,,,,,,,,,8906040680832.0
273,MTC MUSTARD OIL 500ML,24,,105.0,,,,80.5,30.43478261,,,99.75,94.5,,,,,,,,,8906040680849.0
274,MTC MUSTARD OIL 2L,9,,399.0,,,,299.33,33.29769819,,,379.05,359.1,,,,,,,,,8906040680856.0
275,MTC MUSTARD OIL 5L,4,,1050.0,,,,790.0,32.91139241,,,997.5,945.0,,,,,,,,,8906040680863.0
276,MTC DHALIA 500G,40,,50.0,,,,23.0,117.3913043,,,47.5,45.0,,,,,,,,,8906040680283.0
277,MTC KHAND 500G,20,,60.0,,,,30.5,96.72131148,,,57.0,54.0,,,,,,,,,8906040680313.0
278,TATA SALT 1KG,150,,30.0,,,,25.5,15.38461538,,,28.5,27.0,,,,,,,,,
279,MILK FOOD GHEE 500G,10,,318.0,,,,248.5,27.96780684,,,302.1,286.2,,,,,,,,,8906004971051.0
280,DOABA GHEE 900ML,6,,694.0,,,,489.0,41.92229039,,,659.3,624.6,,,,,,,,,8908019595147.0
281,DOABA GHEE 450ML,10,,349.0,,,,247.0,41.29554656,,,331.55,314.1,,,,,,,,,8908019595154.0
282,NUTRI SOYA MINI 200G,12,,60.0,,,,36.0,66.66666667,,,57.0,54.0,,,,,,,,,
283,NUTRI SOYA MINI 10RS,10,,10.0,,,,7.5,33.33333333,,,9.5,9.0,,,,,,,,,
284,NUTRI SOYA CHUNKS MINI 10RS,10,,10.0,,,,7.5,33.33333333,,,9.5,9.0,,,,,,,,,
285,NUTRISOYA CHUNKS 200G,12,,60.0,,,,36.0,66.66666667,,,57.0,54.0,,,,,,,,,
286,GINGER GARLIC PEST 300G,6,,90.0,,,,53.0,69.81132075,,,85.5,81.0,,,,,,,,,8906068355255.0
287,GINGER GARLIC PESTE 5,48,,5.0,,,,2.9,72.4137931,,,4.75,4.5,,,,,,,,,8906068353473.0
288,SR. SEVAIN PLANE 400G ,10,,55.0,,,,34.0,61.76470588,,,52.25,49.5,,,,,,,,,
289,SR. SEVAIN ROSTED 400G ,10,,65.0,,,,40.0,62.5,,,61.75,58.5,,,,,,,,,
290,MACRONI 400GM,6,,60.0,,,,35.71,68.02016242,,,57.0,54.0,,,,,,,,,
291,CORN FLAKES 500G ,3,,145.0,,,,95.0,52.63157895,,,137.75,130.5,,,,,,,,,8906020730243.0
292,BIG BOSS 3IN1 100G,12,,60.0,,,,35.59,68.58668165,,,57.0,54.0,,,,,,,,,8906049573036.0
293,EV DHANIYA POWEDER 100G,10,,40.0,,,,30.57,30.84723585,,,38.0,36.0,,,,,,,,,8901786431014.0
294,EV HALDI POWEDER 100G,10,,46.0,,,,35.0,31.42857143,,,43.7,41.4,,,,,,,,,8901786421015.0
295,EV KUTILAL MIRCH,19,,60.0,,,,45.86,30.83296991,,,57.0,54.0,,,,,,,,,8901786401017.0
296,EV MEAT MASALA 100G,11,,92.0,,,,70.25,30.96085409,,,87.4,82.8,,,,,,,,,8901786151004.0
297,EV PAVBHAJI MASALA 100G,11,,90.0,,,,68.72,30.96623981,,,85.5,81.0,,,,,,,,,8901786071005.0
298,EV SABJI MASLA 100G,11,,72.0,,,,54.99,30.93289689,,,68.4,64.8,,,,,,,,,8901786131006.0
299,EV SAMBHR MASALA 100G,11,,80.0,,,,61.0,31.14754098,,,76.0,72.0,,,,,,,,,8901786081004.0
300,EV TIKHA LAL MIRCH 100G,10,,54.0,,,,41.27,30.84565059,,,51.3,48.6,,,,,,,,,8901786391011.0
301,EV SHAHI BIRYANI MASALA 100G,11,,83.0,,,,63.4,30.9148265,,,78.85,74.7,,,,,,,,,8901786140503.0
302,EV CHOLE MASALA 100G,11,,88.0,,,,67.2,30.95238095,,,83.6,79.2,,,,,,,,,8901786091003.0
303,EV CHAT MASALA100G,11,,85.0,,,,64.9,30.97072419,,,80.75,76.5,,,,,,,,,8901786061006.0
304,BIKA JI ALOU BHUJIA200G,3,,62.0,,,,38.0,63.15789474,,,58.9,55.8,,,,,,,,,
305,BIKA JI BHUJIA 200G,3,,62.0,,,,38.0,63.15789474,,,58.9,55.8,,,,,,,,,
306,BIKA JI ALL IN ONE 200G,3,,62.0,,,,38.0,63.15789474,,,58.9,55.8,,,,,,,,,
307,BIKA JI NAVRATAN 200G,3,,62.0,,,,38.0,63.15789474,,,58.9,55.8,,,,,,,,,
308,BIKA JI PUNJABI TADKA 200G,3,,53.0,,,,42.39,25.02948809,,,50.35,47.7,,,,,,,,,
309,BIKA JI PANCHRATAN 150G,3,,65.0,,,,52.0,25.0,,,61.75,58.5,,,,,,,,,
310,BIKA JI KAJU KISHMIS 150G,3,,65.0,,,,52.0,25.0,,,61.75,58.5,,,,,,,,,
311,BIKA JI ALOU BHUJIA 400G,3,,122.0,,,,97.6,25.0,,,115.9,109.8,,,,,,,,,
312,BIKA JI BHUJIA 400G,3,,122.0,,,,97.6,25.0,,,115.9,109.8,,,,,,,,,
313,BIKA JI NAVRATAN400G,3,,122.0,,,,97.6,25.0,,,115.9,109.8,,,,,,,,,
314,PATANJALI DET  POPULAR 1KG,10,,70.0,,,,63.51,10.21886317,,,66.5,63.0,,,,,,,,,
315,PATANJALI NATURAL SHMPHU 200ML,3,,100.0,,,,85.18,17.39845034,,,95.0,90.0,,,,,,,,,8904109406331.0
316,PATANJALI SHAMPHU SHIKAKAL 200ML,1,,120.0,,,,102.0,17.64705882,,,114.0,108.0,,,,,,,,,8904109406348.0
317,PATANJALI ALOEVERA GEL 60ML,6,,50.0,,,,42.5,17.64705882,,,47.5,45.0,,,,,,,,,8904422710382.0
318,PATANJALI SOUNDRYA FASE WASH 60ML,6,,70.0,,,,59.5,17.64705882,,,66.5,63.0,,,,,,,,,8904109450426.0
319,PATANJALI SHSHED 100G,3,,55.0,,,,44.0,25.0,,,52.25,49.5,,,,,,,,,8904422700819.0
320,PATANJALI SHAHED 250G,3,,110.0,,,,88.0,25.0,,,104.5,99.0,,,,,,,,,8904422700826.0
321,PATANJALI DOODH BISUIT 35G,200,,5.0,,,,4.0,25.0,,,4.75,4.5,,,,,,,,,
322,DABAR AMLA 180ML,48,,105.0,,,,78.27,34.15101571,,,99.75,94.5,,,,,,,,,8901207047930.0
323,DABAR HONEY 50G,6,,45.0,,,,36.0,25.0,,,42.75,40.5,,,,,,,,,8901207045370.0
324,DABAR HONEY 100G,6,,70.0,,,,56.0,25.0,,,66.5,63.0,,,,,,,,,8901207005374.0
325,DABAR HONEY 250ML,6,,125.0,,,,100.0,25.0,,,118.75,112.5,,,,,,,,,8901207025365.0
326,DABAR CHAMELI OIL 35ML,5,,29.0,,,,26.36,10.01517451,,,27.55,26.1,,,,,,,,,89008843.0
327,DABAR CHAMELI 70 ML,5,,57.0,,,,51.08,11.58966327,,,54.15,51.3,,,,,,,,,89008850.0
328,DABAR MESWAK200G,3,,147.0,,,,128.28,14.59307764,,,139.65,132.3,,,,,,,,,
329,DABAR MISWAK 100G,3,,75.0,,,,65.0,15.38461538,,,71.25,67.5,,,,,,,,,8901207033209.0
330,MAMY POKO  (M) 30,2,,399.0,,,,282.62,41.17896823,,,379.05,359.1,,,,,,,,,
331,MAMY POKO (S)38,2,,399.0,,,,282.0,41.4893617,,,379.05,359.1,,,,,,,,,
332,FENA SARAF,27,,71.0,,,,52.0,36.53846154,,,67.45,63.9,,,,,,,,,
333,AGARBHATI POWRPOINT 90G,71,,60.0,,,,33.0,81.81818182,,,57.0,54.0,,,,,,,,,8906139901275.0
334,DHOOPBATI 10 STEEK,24,,15.0,,,,7.33,104.638472,,,14.25,13.5,,,,,,,,,8906139901954.0
335,DHOPBHATI CONE25G,24,,15.0,,,,6.83,119.6193265,,,14.25,13.5,,,,,,,,,
336,DHOOPBHATI POWRPOINT,24,,15.0,,,,6.83,119.6193265,,,14.25,13.5,,,,,,,,,8906139902890.0
337,INDIA GATE MOGRA RICE 5KG,8,,460.0,,,,310.0,48.38709677,,,437.0,414.0,,,,,,,,,
338,INDIA GATE MOGRA RICE 10KG,4,,865.0,,,,590.0,46.61016949,,,821.75,778.5,,,,,,,,,
339,INDIA GATE MINI MOGRA RICE 10KG,4,,735.0,,,,510.0,44.11764706,,,698.25,661.5,,,,,,,,,
340,INDIA GATE ROJANA RICE 10KG,4,,1095.0,,,,770.0,42.20779221,,,1040.25,985.5,,,,,,,,,
341,JTC KHAND 1KG,10,,100.0,,,,61.0,63.93442623,,,95.0,90.0,,,,,,,,,8908002946130.0
342,JTC BHURA 1KG,10,,100.0,,,,62.0,61.29032258,,,95.0,90.0,,,,,,,,,8908002946086.0
343,JTC GUR JAGGARY,16,,55.0,,,,38.0,44.73684211,,,52.25,49.5,,,,,,,,,8908002946079.0
344,JTC SHNDHA NAMAK 1KG,10,,100.0,,,,46.0,117.3913043,,,95.0,90.0,,,,,,,,,8908002946765.0
345,JTC WHITE LOBHIYA 1/2 KG,10,,97.0,,,,67.0,44.7761194,,,92.15,87.3,,,,,,,,,8908002946321.0
346,KANODIYA OIL 1LTR,15,,220.0,,,,182.0,20.87912088,,,209.0,198.0,,,,,,,,,
347,AGROLA YELLOW MUSTED OIL 1LTR,12,,321.0,,,,205.0,56.58536585,,,304.95,288.9,,,,,,,,,
348,DEEPAK HALDI ,25,,30.0,,,,20.8,44.23076923,,,28.5,27.0,,,,,,,,,
349,DEEPAK JEERA 100G,20,,65.0,,,,30.5,113.1147541,,,61.75,58.5,,,,,,,,,
350,DEPAK MIRCH 100G,25,,38.0,,,,21.0,80.95238095,,,36.1,34.2,,,,,,,,,
351,DEEPAK DHANIYA100G,25,,32.0,,,,13.0,146.1538462,,,30.4,28.8,,,,,,,,,
352,DEEPAK AMCHUR POWDER100G,10,,35.0,,,,20.0,75.0,,,33.25,31.5,,,,,,,,,
353,PUFF BISUIT ,150,,5.0,,,,4.26,17.37089202,,,4.75,4.5,,,,,,,,,
354,NATRURAL LAL MALKA 500G,20,,80.0,,,,49.0,63.26530612,,,76.0,72.0,,,,,,,,,
355,NATURAL KATTI MALKA 500G,20,,105.0,,,,74.0,41.89189189,,,99.75,94.5,,,,,,,,,
356,NATURAL KAALI MASOOR 500G,20,,80.0,,,,49.0,63.26530612,,,76.0,72.0,,,,,,,,,
357,CHI SHZWAN CHUTNEY 250G,3,,90.0,,,,78.4,14.79591837,,,85.5,81.0,,,,,,,,,
358,CHINGS DARK SOY SAUCE 200G,3,,60.0,,,,52.29,14.74469306,,,57.0,54.0,,,,,,,,,8901595862726.0
359,CHINGS GREEN CHILLI SAUCE,3,,60.0,,,,52.29,14.74469306,,,57.0,54.0,,,,,,,,,8901595862733.0
360,CHINGS CHILLI VINEGAR 200G,3,,50.0,,,,43.6,14.67889908,,,47.5,45.0,,,,,,,,,8901595852321.0
361,CHINGS SCHEZWAN 60G,6,,15.0,,,,13.0,15.38461538,,,14.25,13.5,,,,,,,,,8901595854196.0
362,CHINGS MANCHURIAN 60G,6,,15.0,,,,13.0,15.38461538,,,14.25,13.5,,,,,,,,,8901595854189.0
363,CHINGS CHOWMEIN 140G,6,,30.0,,,,26.14,14.76664116,,,28.5,27.0,,,,,,,,,8901595853908.0
364,CHINGS SCHEZWAN FRIED RISE MASALA,20,,10.0,,,,8.71,14.81056257,,,9.5,9.0,,,,,,,,,8901595972111.0
365,CHINGS VEG MANCHURIAN MASALA MIX,20,,10.0,,,,8.71,14.81056257,,,9.5,9.0,,,,,,,,,8901595972142.0
366,CHINGS RED CHILLI SAUSE,3,,60.0,,,,52.61,14.04675917,,,57.0,54.0,,,,,,,,,8901595862740.0
367,CHINGS SCHZWAN CHUTNEY ,3,,90.0,,,,78.44,14.73737889,,,85.5,81.0,,,,,,,,,8901595862962.0
368,FORTUNE MUSRED OIL 1LTR,12,,220.0,,,,180.0,22.22222222,,,209.0,198.0,,,,,,,,,
369,TRIVENI SUGER 1KG,25,,70.0,,,,46.0,52.17391304,,,66.5,63.0,,,,,,,,,
370,PACHRANGAMIX PICKLE 1KG,6,,160.0,,,,98.0,63.26530612,,,152.0,144.0,,,,,,,,,
371,PACHRANGA MANGO PICKLE 1KG,6,,160.0,,,,98.0,63.26530612,,,152.0,144.0,,,,,,,,,
372,PACHRANGA SWEET LIME 1KG,2,,210.0,,,,140.0,50.0,,,199.5,189.0,,,,,,,,,
373,PACHRANGA GREEN CHILLI PICKLE 1KG,3,,160.0,,,,98.0,63.26530612,,,152.0,144.0,,,,,,,,,
374,PACHRANGA TRINGA PICKLE 1KG,3,,160.0,,,,98.0,63.26530612,,,152.0,144.0,,,,,,,,,
375,SEVER PASTA SPIREL 500G,6,,99.0,,,,55.0,80.0,,,94.05,89.1,,,,,,,,,
376,SVER PASTA PENNE 500G,5,,99.0,,,,55.0,80.0,,,94.05,89.1,,,,,,,,,
377,MDH MEAT MASALA 100G,10,,98.0,,,,74.8,31.01604278,,,93.1,88.2,,,,,,,,,8902167000140.0
378,MDH KASOORI MTHI 100G,10,,30.0,,,,22.9,31.00436681,,,28.5,27.0,,,,,,,,,8902167000164.0
379,MDH CHANA MSL 100G,10,,92.0,,,,70.0,31.42857143,,,87.4,82.8,,,,,,,,,8902167000089.0
380,MDH SAMBHAR MSL 100G,10,,85.0,,,,64.0,32.8125,,,80.75,76.5,,,,,,,,,8902167000270.0
381,MDH CHAT MSL 100G,10,,90.0,,,,68.0,32.35294118,,,85.5,81.0,,,,,,,,,
382,MDH KITCHEN KING 100G,10,,98.0,,,,74.0,32.43243243,,,93.1,88.2,,,,,,,,,8902167000102.0
383,MDH KASHMIRI MIRCH 100G,10,,110.0,,,,83.0,32.53012048,,,104.5,99.0,,,,,,,,,8902167000058.0
384,MDH DEGGI MIRCH 100G,10,,110.0,,,,83.9,31.10846246,,,104.5,99.0,,,,,,,,,8902167000034.0
385,POUCH HALDI 100G,10,,47.0,,,,35.0,34.28571429,,,44.65,42.3,,,,,,,,,8902167004407.0
386,MDH MIRCH POUCH 100G,10,,61.0,,,,44.96,35.67615658,,,57.95,54.9,,,,,,,,,
387,MDH DHANIYA PWD POUCH 100G,10,,41.0,,,,31.24,31.24199744,,,38.95,36.9,,,,,,,,,8902167004537.0
388,MDH GARM MSL 100G,10,,112.0,,,,85.4,31.14754098,,,106.4,100.8,,,,,,,,,8902167000126.0
389,MDH SHAHI PANEER MSL 100G,10,,108.0,,,,82.3,31.2272175,,,102.6,97.2,,,,,,,,,8902167001048.0
390,MDH PAV BHAJI MSL100G,10,,92.0,,,,70.1,31.24108417,,,87.4,82.8,,,,,,,,,8902167000256.0
391,MDH HING COMPONDED 10G,10,,114.0,,,,86.9,31.18527043,,,108.3,102.6,,,,,,,,,
392,RAJDHANI BESAN 500G,20,,80.0,,,,45.72,74.97812773,,,76.0,72.0,,,,,,,,,8906055100028.0
393,RAJDHANI BESAN 1KG,20,,170.0,,,,90.48,87.88682582,,,161.5,153.0,,,,,,,,,8906055100011.0
